[
  {"state":"Antofagasta","city":["Antofagasta","Mejillones","Sierra Gorda","Taltal","Calama","Ollag\u00fce","San Pedro de Atacama","Mar\u00eda Elena","Tocopilla","Other"]},
  {"state":"Arica y Parinacota","city":["Arica","Camarones","General Lagos","Putre","Other"]},
  {"state":"Atacama","city":["Cha\u00f1aral","Diego de Almagro","Caldera","Copiap\u00f3","Tierra Amarilla","Alto del Carmen","Freirina","Huasco","Vallenar","Other"]},
  {"state":"Aysen del General Carlos Ibanez del Campo","city":["Ays\u00e9n","Cisnes","Guaitecas","Cochrane","O'Higgins","Tortel","Coyhaique","Lago Verde","Chile Chico","R\u00edo Ib\u00e1\u00f1ez","Other"]},
  {"state":"B\u00edo-B\u00edo","city":["Arauco","Ca\u00f1ete","Contulmo","Curanilahue","Lebu","Los \u00c1lamos","Tir\u00faa","Alto B\u00edo B\u00edo","Antuco","Cabrero","Laja","Los \u00c1ngeles","Mulch\u00e9n","Nacimiento","Negrete","Quilaco","Quilleco","San Rosendo","Santa B\u00e1rbara","Tucapel","Yumbel","Chiguayante","Concepci\u00f3n","Coronel","Florida","Hualp\u00e9n","Hualqui","Lota","Penco","San Pedro de la Paz","Santa Juana","Talcahuano","Tom\u00e9","Other"]},
  {"state":"Coquimbo","city":["Canela","Illapel","Los Vilos","Salamanca","Andacollo","Coquimbo","La Higuera","La Serena","Paiguano","Vicu\u00f1a","Combarbal\u00e1","Monte Patria","Ovalle","Punitaqui","R\u00edo Hurtado","Other"]},
  {"state":"La Araucania","city":["Carahue","Cholchol","Cunco","Curarrehue","Freire","Galvarino","Gorbea","Lautaro","Loncoche","Melipeuco","Nueva Imperial","Padre Las Casas","Perquenco","Pitrufqu\u00e9n","Puc\u00f3n","Saavedra","Temuco","Teodoro Schmidt","Tolt\u00e9n","Vilc\u00fan","Villarrica","Angol","Collipulli","Curacaut\u00edn","Ercilla","Lonquimay","Los Sauces","Lumaco","Pur\u00e9n","Renaico","Traigu\u00e9n","Victoria","Other"]},
  {"state":"Libertador General Bernardo O'Higgins","city":["Codegua","Coinco","Coltauco","Do\u00f1ihue","Graneros","Las Cabras","Machal\u00ed","Malloa","Mostazal","Olivar","Peumo","Pichidegua","Quinta de Tilcoco","Rancagua","Rengo","Requ\u00ednoa","San Vicente","La Estrella","Litueche","Marchig\u00fce","Navidad","Paredones","Pichilemu","Chimbarongo","Ch\u00e9pica","Lolol","Nancagua","Palmilla","Peralillo","Placilla","Pumanque","San Fernando","Santa Cruz","Other"]},
  {"state":"Los Lagos","city":["Ancud","Castro","Chonchi","Curaco de V\u00e9lez","Dalcahue","Puqueld\u00f3n","Queil\u00e9n","Quell\u00f3n","Quemchi","Quinchao","Calbuco","Cocham\u00f3","Fresia","Frutillar","Llanquihue","Los Muermos","Maull\u00edn","Puerto Montt","Puerto Varas","Osorno","Puerto Octay","Purranque","Puyehue","R\u00edo Negro","San Juan de la Costa","San Pablo","Chait\u00e9n","Futaleuf\u00fa","Hualaihu\u00e9","Palena","Other"]},
  {"state":"Los Rios","city":["Futrono","La Uni\u00f3n","Lago Ranco","R\u00edo Bueno","Corral","Lanco","Los Lagos","Mariquina","M\u00e1fil","Paillaco","Panguipulli","Valdivia","Other"]},
  {"state":"Magallanes y de la Antartica Chilena","city":["Ant\u00e1rtica","Cabo de Hornos","Laguna Blanca","Punta Arenas","R\u00edo Verde","San Gregorio","Porvenir","Primavera","Timaukel","Natales","Torres del Paine","Other"]},
  {"state":"Maule","city":["Cauquenes","Chanco","Pelluhue","Curic\u00f3","Huala\u00f1\u00e9","Licant\u00e9n","Molina","Rauco","Romeral","Sagrada Familia","Teno","Vichuqu\u00e9n","Colb\u00fan","Linares","Longav\u00ed","Parral","Retiro","San Javier","Villa Alegre","Yerbas Buenas","Constituci\u00f3n","Curepto","Empedrado","Maule","Pelarco","Pencahue","R\u00edo Claro","San Clemente","San Rafael","Talca","Other"]},
  {"state":"Metropolitana de Santiago","city":["Colina","Lampa","Tiltil","Pirque","Puente Alto","San Jos\u00e9 de Maipo","Buin","Calera de Tango","Paine","San Bernardo","Alhu\u00e9","Curacav\u00ed","Mar\u00eda Pinto","Melipilla","San Pedro","Cerrillos","Cerro Navia","Conchal\u00ed","El Bosque","Estaci\u00f3n Central","Huechuraba","Independencia","La Cisterna","La Florida","La Granja","La Pintana","La Reina","Las Condes","Lo Barnechea","Lo Espejo","Lo Prado","Macul","Maip\u00fa","Pedro Aguirre Cerda","Pe\u00f1alol\u00e9n","Providencia","Pudahuel","Quilicura","Quinta Normal","Recoleta","Renca","San Joaqu\u00edn","San Miguel","San Ram\u00f3n","Vitacura","santiago centro","\u00d1u\u00f1oa","El Monte","Isla de Maipo","Padre Hurtado","Pe\u00f1aflor","Talagante","Other"]},
  {"state":"Tarapaca","city":["Alto Hospicio","Iquique","Cami\u00f1a","Colchane","Huara","Pica","Pozo Almonte","Other"]},
  {"state":"Valparaiso","city":["Isla de Pascua","Calle Larga","Los Andes","Rinconada","San Esteban","Limache","Olmu\u00e9","Quilpu\u00e9","Villa Alemana","Cabildo","La Ligua","Papudo","Petorca","Zapallar","Hijuelas","La Calera","La Cruz","Nogales","Quillota","Algarrobo","Cartagena","El Quisco","El Tabo","San Antonio","Santo Domingo","Catemu","Llaillay","Panquehue","Putaendo","San Felipe","Santa Mar\u00eda","Casablanca","Conc\u00f3n","Juan Fern\u00e1ndez","Puchuncav\u00ed","Quintero","Valpara\u00edso","Vi\u00f1a del Mar","Other"]},
  {"state":"Nuble","city":[]}
]