[{"state":"Abruzzo","city":["Chieti","L'Aquila","Pescara","Teramo","Other"]},{"state":"Basilicata","city":["Matera","Potenza","Other"]},{"state":"Calabria","city":["Catanzaro","Cosenza","Crotone","Reggio di Calabria","Vibo Valentia","Other"]},{"state":"Campania","city":["Avellino","Benevento","Caserta","Napoli","Salerno","Other"]},{"state":"Emilia-Romagna","city":["Bologna","Ferrara","Forl\u00ec-Cesena","Modena","Parma","Piacenza","Ravenna","Reggio Nell'Emilia","Rimini","Other"]},{"state":"Friuli-Venezia Giulia","city":["Gorizia","Pordenone","Trieste","Udine","Other"]},{"state":"Lazio","city":["Frosinone","Latina","Rieti","Roma","Viterbo","Other"]},{"state":"Liguria","city":["Genova","Imperia","La Spezia","Savona","Other"]},{"state":"Lombardia","city":["Bergamo","Brescia","Como","Cremona","Lecco","Lodi","Mantova","Milano","Monza e Brianza","Pavia","Sondrio","Varese","Other"]},{"state":"Marche","city":["Ancona","Ascoli Piceno","Fermo","Macerata","Pesaro e Urbino","Other"]},{"state":"Molise","city":["Campobasso","Isernia","Other"]},{"state":"Piemonte","city":["Alessandria","Asti","Biella","Cuneo","Novara","Torino","Verbano-Cusio-Ossola","Vercelli","Other"]},{"state":"Puglia","city":["Bari","Barletta-Andria-Trani","Brindisi","Foggia","Lecce","Taranto","Other"]},{"state":"Sardegna","city":["Cagliari","Carbonia-Iglesias","Medio Campidano","Nuoro","Ogliastra","Olbia-Tempio","Oristano","Sassari","Other"]},{"state":"Sicilia","city":["Agrigento","Caltanissetta","Catania","Enna","Messina","Palermo","Ragusa","Siracusa","Trapani","Other"]},{"state":"Toscana","city":["Arezzo","Firenze","Grosseto","Livorno","Lucca","Massa-Carrara","Pisa","Pistoia","Prato","Siena","Other"]},{"state":"Trentino-Alto Adige","city":["Bolzano","Trento","Other"]},{"state":"Umbria","city":["Perugia","Terni","Other"]},{"state":"Valle d'Aosta","city":["Valle d'Aosta","Other"]},{"state":"Veneto","city":["Belluno","Padova","Rovigo","Treviso","Venezia","Verona","Vicenza","Other"]}]