[{"state":"Drenthe","city":["Aa en Hunze","Assen","Borger-Odoorn","Coevorden","De Wolden","Emmen","Hoogeveen","Meppel","Midden-Drenthe","Noordenveld","Tynaarlo","Westerveld","Other"]}, {"state":"Flevoland","city":["Almere","Dronten","Lelystad","Noordoostpolder","Urk","Zeewolde","Other"]}, {"state":"Friesland","city":["Achtkarspelen","Ameland","Dantumadiel","De Friese Meren","Dongeradeel","Ferwerderadiel","Franekeradeel","Harlingen","Heerenveen","Het Bildt","Kollumerland en Nieuwkruisland","Leeuwarden","Leeuwarderadeel","Littenseradiel","Menameradiel","Ooststellingwerf","Opsterland","Schiermonnikoog","Smallingerland","Sudwest-Fryslan","Terschelling","Tytsjerksteradiel","Vlieland","Weststellingwerf","Other"]}, {"state":"Gelderland","city":["Aalten","Apeldoorn","Arnhem","Barneveld","Berg en Dal","Berkelland","Beuningen","Bronckhorst","Brummen","Buren","Culemborg","Doesburg","Doetinchem","Druten","Duiven","Ede","Elburg","Epe","Ermelo","Geldermalsen","Harderwijk","Hattem","Heerde","Heumen","Lingewaal","Lingewaard","Lochem","Maasdriel","Montferland","Neder-Betuwe","Neerijnen","Nijkerk","Nijmegen","Nunspeet","Oldebroek","Oost Gelre","Oude Ijsselstreek","Overbetuwe","Putten","Renkum","Rheden","Rijnwaarden","Rozendaal","Scherpenzeel","Tiel","Voorst","Wageningen","West Maas en Waal","Westervoort","Wijchen","Winterswijk","Zaltbommel","Zevenaar","Zutphen","Other"]}, {"state":"Groningen","city":["Appingedam","Bedum","De Marne","Delfzijl","Eemsmond","Groningen","Grootegast","Haren","Leek","Loppersum","Marum","Midden-Groningen","Oldambt","Pekela","Stadskanaal","Ten Boer","Veendam","Westerwolde","Winsum","Zuidhorn","Other"]}, {"state":"Limburg","city":["Beek","Beesel","Bergen","Brunssum","Echt-Susteren","Eijsden-Margraten","Gennep","Gulpen-Wittem","Heerlen","Helden","Horst aan de Maas","Kerkrade","Landgraaf","Leudal","Maasbree","Maasgouw","Maastricht","Meerssen","Meijel","Mook en Middelaar","Nederweert","Nuth","Onderbanken","Peel en Maas","Roerdalen","Roermond","Schinnen","Sevenum","Simpelveld","Sittard-Geleen","Stein","Vaals","Valkenburg aan de Geul","Venlo","Venray","Voerendaal","Weert","Other"]}, {"state":"North Brabant","city":["'s-Hertogenbosch","Aalburg","Alphen-Chaam","Asten","Baarle-Nassau","Bergeijk","Bergen op Zoom","Bernheze","Best","Bladel","Boekel","Boxmeer","Boxtel","Breda","Cranendonck","Cuijk","Deurne","Dongen","Drimmelen","Eersel","Eindhoven","Etten-Leur","Geertruidenberg","Geldrop-Mierlo","Gemert-Bakel","Gilze en Rijen","Goirle","Grave","Haaren","Halderberge","Heeze-Leende","Helmond","Heusden","Hilvarenbeek","Laarbeek","Landerd","Loon op Zand","Mill en Sint Hubert","Moerdijk","Nuenen, Gerwen en Nederwetten","Oirschot","Oisterwijk","Oosterhout","Oss","Reusel-De Mierden","Roosendaal","Rucphen","Schijndel","Sint Anthonis","Sint-Michielsgestel","Sint-Oedenrode","Someren","Son en Breugel","Steenbergen","Tilburg","Uden","Valkenswaard","Veghel","Veldhoven","Vught","Waalre","Waalwijk","Werkendam","Woensdrecht","Woudrichem","Zundert","Other"]}, {"state":"North Holland","city":["Aalsmeer","Alkmaar","Amstelveen","Amsterdam","Beemster","Bergen","Beverwijk","Blaricum","Bloemendaal","Castricum","Den Helder","Diemen","Drechterland","Edam-Volendam","Enkhuizen","Gooise Meren","Haarlem","Haarlemmermeer","Heemskerk","Heemstede","Heerhugowaard","Heiloo","Hilversum","Hollands Kroon","Hoorn","Huizen","Koggenland","Landsmeer","Langedijk","Laren","Medemblik","Nieuwkoop","Oostzaan","Opmeer","Ouder-Amstel","Purmerend","Schagen","Stede Broec","Texel","Uitgeest","Uithoorn","Velsen","Waterland","Weesp","Wijdemeren","Wormerland","Zaanstad","Zandvoort","Other"]}, {"state":"Overijssel","city":["Almelo","Borne","Dalfsen","Deventer","Dinkelland","Enschede","Haaksbergen","Hardenberg","Hellendoorn","Hengelo","Hof van Twente","Kampen","Losser","Oldenzaal","Olst-Wijhe","Ommen","Raalte","Rijssen-Holten","Staphorst","Steenwijkerland","Tubbergen","Twenterand","Wierden","Zwartewaterland","Zwolle","Other"]}, {"state":"Utrecht","city":["Amersfoort","Baarn","Bunnik","Bunschoten","De Bilt","De Ronde Venen","Eemnes","Houten","Ijsselstein","Leusden","Lopik","Montfoort","Nieuwegein","Oudewater","Renswoude","Rhenen","Soest","Stichtse Vecht","Utrecht","Utrechtse Heuvelrug","Veenendaal","Vijfheerenlanden","Wijk bij Duurstede","Woerden","Woudenberg","Zeist","Other"]}, {"state":"Zeeland","city":["Borsele","Goes","Hulst","Kapelle","Middelburg","Noord-Beveland","Reimerswaal","Schouwen-Duiveland","Sluis","Terneuzen","Tholen","Veere","Vlissingen","Other"]}, {"state":"South Holland","city":["Alblasserdam","Albrandswaard","Alphen aan den Rijn","Barendrecht","Binnenmaas","Bodegraven-Reeuwijk","Brielle","Capelle aan den IJssel","Cromstrijen","Delft","Den Haag","Dordrecht","Giessenlanden","Goeree-Overflakkee","Gorinchem","Gouda","Hardinxveld-Giessendam","Hellevoetsluis","Hendrik-Ido-Ambacht","Hillegom","Kaag en Braassem","Katwijk","Korendijk","Krimpen aan den IJssel","Krimpenerwaard","Lansingerland","Leiden","Leiderdorp","Leidschendam-Voorburg","Lisse","Maassluis","Midden-Delfland","Molenlanden","Nieuwkoop","Nissewaard","Noordwijk","Oegstgeest","Oud-Beijerland","Papendrecht","Pijnacker-Nootdorp","Ridderkerk","Rijswijk","Rotterdam","Schiedam","Sliedrecht","Strijen","Teylingen","Vlaardingen","Voorschoten","Waddinxveen","Wassenaar","Westland","Westvoorne","Zoetermeer","Zoeterwoude","Zuidplas","Zwijndrecht","Other"]}]